feasible,figure_of_merit,noise_reduction_dB,blade_mass_g,on_front,chord_root_m,chord_tip_m,twist_root_deg,twist_tip_deg,tubercle_amp_m,tubercle_wl_m,n_blades,prop_radius_m,hub_radius_m,hub_height_m,shaft_hole_r_m,thickness_ratio,rpm,total_thrust_N,total_torque_Nm,rho_air
True,0.84402,1.5,23.8414,False,0.028,0.01,35.0,12.0,0.003,0.04,5,0.127,0.012,0.022,0.003,0.12,8000.0,15.0,0.35,1.225
True,0.81648,0.79,24.7478,False,0.030878843712149093,0.012759876112571053,43.963664569198755,11.970950340327715,0.0018164614492484057,0.03095356907440608,4,0.127,0.012,0.022,0.003,0.12,8000.0,15.0,0.35,1.225
True,0.84904,1.13,30.0371,False,0.03146356923780745,0.011175847370389343,35.78965615515283,10.365991556477242,0.0025295515647700373,0.06785050202972004,5,0.127,0.012,0.022,0.003,0.12,8000.0,15.0,0.35,1.225
True,0.74001,0.48,10.5894,False,0.024353945527685668,0.008239502520780002,42.56171483087031,12.526130403165663,0.0008226258688216706,0.054424708189270386,3,0.127,0.012,0.022,0.003,0.12,8000.0,15.0,0.35,1.225
True,0.82738,1.47,19.0229,False,0.021164361463937915,0.013765858595681564,38.16726690815291,15.019762132874504,0.0027815121914320845,0.03333385389224632,5,0.127,0.012,0.022,0.003,0.12,8000.0,15.0,0.35,1.225
True,0.80999,0.91,16.2211,False,0.02235054477194285,0.00925277802433808,27.68011304352633,18.382702291043234,0.001520435108365675,0.0436845572961099,5,0.127,0.012,0.022,0.003,0.12,8000.0,15.0,0.35,1.225
True,0.79317,0.49,14.0675,False,0.026157170773919675,0.012052110324684222,34.37654677855138,13.553460842889978,0.000992450108384439,0.055306057024216385,3,0.127,0.012,0.022,0.003,0.12,8000.0,15.0,0.35,1.225
True,0.74999,0.66,15.017,False,0.029183474133116984,0.00955745604128273,41.6686009609118,14.677178911169158,0.001333918112580396,0.06550621813130114,3,0.127,0.012,0.022,0.003,0.12,8000.0,15.0,0.35,1.225
True,0.77776,0.97,12.3115,False,0.03379341236971211,0.008523248826943663,31.632039320123766,10.533089809559781,0.0021374339871404703,0.058440632499924906,2,0.127,0.012,0.022,0.003,0.12,8000.0,15.0,0.35,1.225
True,0.83266,1.47,22.5825,False,0.024386523346164327,0.013429723310795113,30.7159787264317,18.089040143927456,0.002990711136431031,0.035530021050987216,5,0.127,0.012,0.022,0.003,0.12,8000.0,15.0,0.35,1.225
True,0.83638,1.44,20.336,True,0.02528298722862217,0.0060115954882064854,39.70876241782288,9.059771247387769,0.002327562125031673,0.04130544751021361,6,0.127,0.012,0.022,0.003,0.12,8000.0,15.0,0.35,1.225
True,0.814,0.11,16.522,False,0.02753157294960524,0.007205573220066035,25.90134355348561,8.469916812044055,0.00020575961933290575,0.06122285412683026,4,0.127,0.012,0.022,0.003,0.12,8000.0,15.0,0.35,1.225
True,0.82515,0.57,19.8928,False,0.028185090304730473,0.010771610179956965,33.24248054889027,6.166582359673615,0.001170394443235678,0.06409164169786258,4,0.127,0.012,0.022,0.003,0.12,8000.0,15.0,0.35,1.225
True,0.7376,0.21,14.1314,False,0.029986560838941252,0.006811807649561298,29.13663482402432,19.849186463414398,0.00040490209396393695,0.047124781467997645,3,0.127,0.012,0.022,0.003,0.12,8000.0,15.0,0.35,1.225
True,0.82772,0.08,19.1341,False,0.023296811652229008,0.007623848232758239,26.50922586992124,16.648012131628363,0.00013775654149369515,0.03754147216194629,6,0.127,0.012,0.022,0.003,0.12,8000.0,15.0,0.35,1.225
True,0.73935,1.17,6.1029,True,0.020762293196303523,0.010151937818541217,36.99917424946098,6.911056705411458,0.0019371081916153,0.04991053034454176,2,0.127,0.012,0.022,0.003,0.12,8000.0,15.0,0.35,1.225
True,0.79987,0.29,26.4132,False,0.03307096150261123,0.01160134313816065,40.72400637208622,16.446690848551263,0.0006722869422379421,0.05004173435893564,4,0.127,0.012,0.022,0.003,0.12,8000.0,15.0,0.35,1.225
True,0.80894,0.75,17.719,False,0.032431627500952305,0.009336772702644698,31.46960172462456,6.0,0.001640836633298711,0.07,3,0.127,0.012,0.022,0.003,0.12,8000.0,15.0,0.35,1.225
True,0.81537,0.08,19.637,False,0.023296811652229008,0.008147635340883119,25.448757944389932,19.140424499536287,0.00013775654149369515,0.03754147216194629,6,0.127,0.012,0.022,0.003,0.12,8000.0,15.0,0.35,1.225
True,0.83423,0.41,16.5975,True,0.022461074219959572,0.006,34.614297939775625,11.848578526364786,0.00061021604992789,0.03983033080738138,6,0.127,0.012,0.022,0.003,0.12,8000.0,15.0,0.35,1.225
True,0.75532,0.86,11.5226,False,0.02364223554288271,0.010947350863586091,45.0,10.508366308264424,0.0015792721186615164,0.04821428614695224,3,0.127,0.012,0.022,0.003,0.12,8000.0,15.0,0.35,1.225
True,0.78624,1.47,15.2183,False,0.021164361463937915,0.013765858595681564,38.16726690815291,16.70973228093785,0.0027815121914320845,0.03538588595497433,4,0.127,0.012,0.022,0.003,0.12,8000.0,15.0,0.35,1.225
True,0.78771,0.0,8.8103,False,0.02326579872353217,0.006,29.964578758916097,9.766000120057107,0.0,0.05316737782256047,3,0.127,0.012,0.022,0.003,0.12,8000.0,15.0,0.35,1.225
True,0.83522,1.49,26.2359,False,0.023338899553854396,0.014,34.397349594335346,20.0,0.003,0.03,6,0.127,0.012,0.022,0.003,0.12,8000.0,15.0,0.35,1.225
True,0.78297,0.97,12.4407,False,0.034,0.008523248826943663,30.37532639288196,10.533089809559781,0.0021374339871404703,0.058440632499924906,2,0.127,0.012,0.022,0.003,0.12,8000.0,15.0,0.35,1.225
True,0.82692,1.47,19.0229,False,0.021164361463937915,0.013765858595681564,38.16726690815291,15.019762132874504,0.0027815121914320845,0.03710919844598615,5,0.127,0.012,0.022,0.003,0.12,8000.0,15.0,0.35,1.225
True,0.77359,1.03,13.1442,False,0.034,0.010153687266045429,31.632039320123766,12.8299818585942,0.0023655955463959626,0.06034637874571191,2,0.127,0.012,0.022,0.003,0.12,8000.0,15.0,0.35,1.225
True,0.76479,0.22,10.0902,False,0.025178586833097007,0.006,37.47659289583085,9.47600398465811,0.0003506115753907507,0.057974786450838714,3,0.127,0.012,0.022,0.003,0.12,8000.0,15.0,0.35,1.225
True,0.68795,1.02,9.2222,False,0.02811104917974979,0.00903010788490658,45.0,13.764034201675099,0.0019816304895062093,0.052755375213127176,2,0.127,0.012,0.022,0.003,0.12,8000.0,15.0,0.35,1.225
True,0.73936,0.69,10.5894,False,0.024353945527685668,0.008239502520780002,42.56171483087031,12.691334463315888,0.0011810901911622723,0.058657128438893286,3,0.127,0.012,0.022,0.003,0.12,8000.0,15.0,0.35,1.225
True,0.83806,1.6,23.761,False,0.023876777883329103,0.011281653197480725,39.793019809170055,16.30899085806029,0.003,0.03,6,0.127,0.012,0.022,0.003,0.12,8000.0,15.0,0.35,1.225
True,0.83677,1.43,20.4073,True,0.02528298722862217,0.0060892036412348175,39.70876241782288,9.059771247387769,0.002327562125031673,0.04130544751021361,6,0.127,0.012,0.022,0.003,0.12,8000.0,15.0,0.35,1.225
True,0.84564,0.94,33.4192,False,0.03206156785198103,0.00823218124091489,28.34130158241478,12.935316063979558,0.0019611908566305636,0.0467873942693731,6,0.127,0.012,0.022,0.003,0.12,8000.0,15.0,0.35,1.225
True,0.83876,1.33,34.8986,False,0.031294615141051634,0.010531814335475237,27.456677628137044,7.142046169855291,0.0029176477914922647,0.06298521386197395,6,0.127,0.012,0.022,0.003,0.12,8000.0,15.0,0.35,1.225
True,0.83503,0.76,20.2751,False,0.023052077672280905,0.012791856550685399,31.24139328986483,15.350461548190175,0.001466860253465888,0.06795557781315356,5,0.127,0.012,0.022,0.003,0.12,8000.0,15.0,0.35,1.225
True,0.83573,0.24,21.3826,False,0.027794742068445785,0.007655492369915622,35.15440488246142,9.799073963351777,0.0004376151970687044,0.04596272167530226,5,0.127,0.012,0.022,0.003,0.12,8000.0,15.0,0.35,1.225
True,0.80932,0.37,23.1279,False,0.03012425630751252,0.01197226029602174,29.087351710505168,18.815068747670054,0.0008352092696259848,0.03764340678831269,4,0.127,0.012,0.022,0.003,0.12,8000.0,15.0,0.35,1.225
True,0.7859,0.78,21.8522,False,0.033866686214778494,0.013364103230365092,44.19837611123518,12.325558656282073,0.0019440167222690749,0.052599429402366255,3,0.127,0.012,0.022,0.003,0.12,8000.0,15.0,0.35,1.225
True,0.76276,0.98,11.0879,False,0.024742038240930846,0.008678984401705747,42.324171399920914,9.479742998684426,0.0017321336375727874,0.03248313657108428,3,0.127,0.012,0.022,0.003,0.12,8000.0,15.0,0.35,1.225
True,0.77959,1.25,17.031,False,0.026561076026474326,0.009308221809111141,37.54549111599309,16.883265146658072,0.002366469180584527,0.05656337946325656,4,0.127,0.012,0.022,0.003,0.12,8000.0,15.0,0.35,1.225
True,0.68884,0.23,4.8124,True,0.020539713247028114,0.006191272860539916,33.071288390170125,13.867057923892386,0.00032422900663226076,0.04329365878113924,2,0.127,0.012,0.022,0.003,0.12,8000.0,15.0,0.35,1.225
True,0.84954,1.11,31.2105,False,0.03222872772138676,0.011175847370389343,35.78965615515283,10.280667201962169,0.0025295515647700373,0.06785050202972004,5,0.127,0.012,0.022,0.003,0.12,8000.0,15.0,0.35,1.225
True,0.84105,1.47,27.0748,False,0.0238963245744163,0.014,32.68557814650689,19.54761426642723,0.003,0.03,6,0.127,0.012,0.022,0.003,0.12,8000.0,15.0,0.35,1.225
True,0.84406,1.51,23.5121,False,0.028,0.009662657342042249,36.596048378910886,11.917262490039569,0.003,0.04,5,0.127,0.012,0.022,0.003,0.12,8000.0,15.0,0.35,1.225
True,0.73595,1.24,5.6929,True,0.021084518498399752,0.008469422914136568,35.82124564647512,6.911056705411458,0.0019371081916153,0.04946918740697649,2,0.127,0.012,0.022,0.003,0.12,8000.0,15.0,0.35,1.225
True,0.81246,0.78,19.3071,False,0.034,0.009533329685617048,25.0,10.2971312678311,0.0017803972032983425,0.06188581415847409,3,0.127,0.012,0.022,0.003,0.12,8000.0,15.0,0.35,1.225
True,0.84576,1.58,22.9222,False,0.021227001701253013,0.013772815888605456,39.50656862134813,14.7700224905123,0.003,0.03,6,0.127,0.012,0.022,0.003,0.12,8000.0,15.0,0.35,1.225
True,0.8451,1.53,25.962,False,0.025185211981688636,0.011502426032983648,39.793019809170055,15.935326199604846,0.003,0.03,6,0.127,0.012,0.022,0.003,0.12,8000.0,15.0,0.35,1.225
True,0.79563,0.59,9.1138,True,0.021352048285283518,0.009315813644940937,27.32791000528566,12.177038810630284,0.0009602532001618873,0.0392046323322091,3,0.127,0.012,0.022,0.003,0.12,8000.0,15.0,0.35,1.225
True,0.82783,1.27,25.839,False,0.023071624363368102,0.014,25.0,18.589084956557116,0.0025526328206271435,0.05407931338040992,6,0.127,0.012,0.022,0.003,0.12,8000.0,15.0,0.35,1.225
True,0.71893,0.83,6.0454,False,0.022908899262499283,0.0070998133021557275,39.49331694452178,6.0,0.0013074810592997217,0.04816888071420773,2,0.127,0.012,0.022,0.003,0.12,8000.0,15.0,0.35,1.225
True,0.70869,0.81,5.9785,False,0.023508466643659572,0.006,35.32645241625123,11.85678099497828,0.001244112854552728,0.03,2,0.127,0.012,0.022,0.003,0.12,8000.0,15.0,0.35,1.225
True,0.83733,0.89,22.1819,False,0.02459238125043405,0.012791856550685399,31.24139328986483,15.350461548190175,0.0017771008807657327,0.06795557781315356,5,0.127,0.012,0.022,0.003,0.12,8000.0,15.0,0.35,1.225
True,0.83241,1.6,21.2554,False,0.02,0.013765858595681564,36.449889934519774,18.133277005961855,0.002937274876154368,0.03,6,0.127,0.012,0.022,0.003,0.12,8000.0,15.0,0.35,1.225
True,0.80375,1.92,15.7,True,0.020168428677817936,0.008183102068171012,42.14448356677209,15.525258672606606,0.0028788063361569814,0.03,6,0.127,0.012,0.022,0.003,0.12,8000.0,15.0,0.35,1.225
True,0.78702,1.25,15.5566,False,0.027752041782651577,0.012358286446571685,28.385327972752652,17.493150109110708,0.0026720364172709635,0.060496660029513094,3,0.127,0.012,0.022,0.003,0.12,8000.0,15.0,0.35,1.225
True,0.78253,1.42,9.2794,True,0.026549925879692123,0.011300448665700473,30.441368943013053,7.09336757866858,0.002862889998159875,0.05346353267840667,2,0.127,0.012,0.022,0.003,0.12,8000.0,15.0,0.35,1.225
True,0.68936,0.06,9.567,False,0.02212777743967858,0.009215597068119566,39.43421635403469,19.415852845654776,9.333998945420608e-05,0.030328393544426083,3,0.127,0.012,0.022,0.003,0.12,8000.0,15.0,0.35,1.225
True,0.8437,1.29,30.9633,False,0.03263897260949062,0.010377348664072326,30.845991054683793,9.414664734058418,0.002903973008981573,0.0673349724658753,5,0.127,0.012,0.022,0.003,0.12,8000.0,15.0,0.35,1.225
True,0.81886,0.5,19.3446,False,0.031981567467599,0.012416619539716709,35.11418613387542,6.273525274101753,0.0011663465204422225,0.045332850413527796,3,0.127,0.012,0.022,0.003,0.12,8000.0,15.0,0.35,1.225
True,0.78518,0.22,10.6255,False,0.02917921055354237,0.011068604620540812,26.727007140345393,11.514265249866938,0.00046689084285822904,0.06170754973529573,2,0.127,0.012,0.022,0.003,0.12,8000.0,15.0,0.35,1.225
True,0.76556,1.09,13.84,False,0.025157136499134123,0.006655683968790623,40.75838488659737,14.425920384133633,0.0017989320790728952,0.0510190184793554,4,0.127,0.012,0.022,0.003,0.12,8000.0,15.0,0.35,1.225
True,0.78167,1.22,16.2654,False,0.026750970116163085,0.007977000883496189,44.96729875190665,11.232244607864988,0.0022121887325234455,0.04057911025434914,4,0.127,0.012,0.022,0.003,0.12,8000.0,15.0,0.35,1.225
True,0.85073,1.19,31.3439,False,0.027131347901069282,0.013326409405751846,33.76123996183914,16.920898527157814,0.002582582083363586,0.039578052252428955,6,0.127,0.012,0.022,0.003,0.12,8000.0,15.0,0.35,1.225
True,0.82059,0.73,13.3835,True,0.02031249711203701,0.008390245726374694,28.769616063220298,14.987079961954489,0.0011095392056429023,0.05709242737279824,5,0.127,0.012,0.022,0.003,0.12,8000.0,15.0,0.35,1.225
True,0.81929,0.91,12.9274,True,0.02075402483980259,0.01120790531139889,34.69606186562252,10.286818642522945,0.0015628646399756282,0.05712854933198648,4,0.127,0.012,0.022,0.003,0.12,8000.0,15.0,0.35,1.225
True,0.85651,1.15,32.956,True,0.027552267641272114,0.014,35.89800810964224,15.101554081445979,0.002550437170423714,0.05414066456265515,6,0.127,0.012,0.022,0.003,0.12,8000.0,15.0,0.35,1.225
True,0.83008,0.82,17.3085,False,0.020636049289749166,0.012609814614869434,31.24139328986483,15.831248580430241,0.001466860253465888,0.06795557781315356,5,0.127,0.012,0.022,0.003,0.12,8000.0,15.0,0.35,1.225
True,0.84727,1.13,30.3992,False,0.0324220629026445,0.010166338427746554,35.08289899336131,10.280667201962169,0.0025295515647700373,0.06758569626718088,5,0.127,0.012,0.022,0.003,0.12,8000.0,15.0,0.35,1.225
True,0.78267,0.95,12.4407,False,0.034,0.008523248826943663,30.455850459772456,10.533089809559781,0.0020963378271206643,0.05810662000704634,2,0.127,0.012,0.022,0.003,0.12,8000.0,15.0,0.35,1.225
True,0.80373,1.62,17.9419,False,0.02,0.014,40.73005171317427,16.70973228093785,0.003,0.03538588595497433,5,0.127,0.012,0.022,0.003,0.12,8000.0,15.0,0.35,1.225
True,0.7634,1.48,9.3567,False,0.02648601550910848,0.011574931336370173,36.52646057570144,6.0215045234789315,0.003,0.06628129014037969,2,0.127,0.012,0.022,0.003,0.12,8000.0,15.0,0.35,1.225
True,0.81913,0.96,12.7662,True,0.02,0.007980069236287093,28.769616063220298,14.987079961954489,0.0014246724834240739,0.0608443571103417,5,0.127,0.012,0.022,0.003,0.12,8000.0,15.0,0.35,1.225
True,0.75851,1.42,14.8143,False,0.02685004646424553,0.012358286446571685,28.385327972752652,19.903473316864208,0.002976046774092102,0.05593471099089806,3,0.127,0.012,0.022,0.003,0.12,8000.0,15.0,0.35,1.225
True,0.78927,1.29,15.9383,False,0.027752041782651577,0.012943857665802968,28.385327972752652,17.493150109110708,0.0027994239433924567,0.0671855671790145,3,0.127,0.012,0.022,0.003,0.12,8000.0,15.0,0.35,1.225
True,0.79708,0.55,10.4859,False,0.02341634520368046,0.009315813644940937,26.017142315181502,12.861864863315251,0.0009602532001618873,0.04113729324698756,3,0.127,0.012,0.022,0.003,0.12,8000.0,15.0,0.35,1.225
True,0.84164,1.6,23.8204,False,0.023914362025718162,0.01128582757323506,40.59660083708719,15.14516498380496,0.003,0.03,6,0.127,0.012,0.022,0.003,0.12,8000.0,15.0,0.35,1.225
True,0.82241,1.54,17.6339,True,0.021164361463937915,0.012330864315389984,38.16726690815291,15.019762132874504,0.0027815121914320845,0.03333385389224632,5,0.127,0.012,0.022,0.003,0.12,8000.0,15.0,0.35,1.225
True,0.83502,1.22,22.6819,False,0.026929881961565143,0.006,41.53591915906735,8.358886277325983,0.002082684693191206,0.04373426623107865,6,0.127,0.012,0.022,0.003,0.12,8000.0,15.0,0.35,1.225
True,0.8575,1.25,38.9411,False,0.030912531007826274,0.014,35.793026416352,16.951217178726587,0.003,0.05271754286949378,6,0.127,0.012,0.022,0.003,0.12,8000.0,15.0,0.35,1.225
True,0.81667,1.73,19.4061,True,0.02,0.012126196486946652,45.0,14.82495807231857,0.003,0.03,6,0.127,0.012,0.022,0.003,0.12,8000.0,15.0,0.35,1.225
True,0.83213,1.16,26.6922,False,0.031817791753679686,0.007412082999712486,26.000114877079785,13.866109132917014,0.0023507760222894075,0.06109235315423156,5,0.127,0.012,0.022,0.003,0.12,8000.0,15.0,0.35,1.225
True,0.83682,0.95,23.8622,False,0.025041499851585818,0.013837050451087345,27.929197698379618,8.954352860980016,0.0019789965664271853,0.06934858788212561,5,0.127,0.012,0.022,0.003,0.12,8000.0,15.0,0.35,1.225
True,0.69175,0.1,6.7379,False,0.021848284259633925,0.010625898343018265,32.581496587087685,16.99763748343721,0.00016937509317058047,0.04357095919354547,2,0.127,0.012,0.022,0.003,0.12,8000.0,15.0,0.35,1.225
True,0.83251,1.03,17.3211,False,0.020118490030054226,0.009969924824104099,32.42070593664816,6.0202304689570925,0.001659994428128389,0.05112666219585571,6,0.127,0.012,0.022,0.003,0.12,8000.0,15.0,0.35,1.225
True,0.74616,0.38,12.0304,False,0.027549974263464023,0.006464866068105134,41.97115205949211,11.56960956055098,0.0006703230734012241,0.036618321089039285,3,0.127,0.012,0.022,0.003,0.12,8000.0,15.0,0.35,1.225
True,0.82401,1.38,19.3631,False,0.029540425823213395,0.008190662323007155,37.597050470600394,10.234593478235453,0.0027146353392851603,0.045804448557414765,4,0.127,0.012,0.022,0.003,0.12,8000.0,15.0,0.35,1.225
True,0.80284,0.46,28.0842,False,0.03345553581650877,0.012843903316771236,35.815225717229254,18.868710715982886,0.0011242767030671087,0.03470698056956515,4,0.127,0.012,0.022,0.003,0.12,8000.0,15.0,0.35,1.225
True,0.73292,0.62,13.8494,False,0.026677261898359016,0.011016831848070036,44.606643698451165,15.374002888776957,0.0012395244717714779,0.055817759181890705,3,0.127,0.012,0.022,0.003,0.12,8000.0,15.0,0.35,1.225
True,0.7311,1.24,5.6567,True,0.02,0.00975976013535407,34.60419593048691,10.8440008878198,0.0019689265027714293,0.032505717540601844,2,0.127,0.012,0.022,0.003,0.12,8000.0,15.0,0.35,1.225
True,0.786,1.47,15.0968,False,0.020827402789777082,0.014,38.16726690815291,16.70973228093785,0.0027815121914320845,0.03538588595497433,4,0.127,0.012,0.022,0.003,0.12,8000.0,15.0,0.35,1.225
True,0.76641,1.14,9.6415,False,0.023311434971493277,0.007759959468427162,40.263842555915225,6.0,0.0018516172801147442,0.05388149260710066,3,0.127,0.012,0.022,0.003,0.12,8000.0,15.0,0.35,1.225
True,0.69704,0.22,5.1272,True,0.020539713247028114,0.007319872618027067,33.071288390170125,13.867057923892386,0.00032422900663226076,0.04329365878113924,2,0.127,0.012,0.022,0.003,0.12,8000.0,15.0,0.35,1.225
True,0.82207,0.52,22.7123,False,0.022782200021721,0.011734841295385484,26.303658378120424,20.0,0.0009703188618824495,0.07,6,0.127,0.012,0.022,0.003,0.12,8000.0,15.0,0.35,1.225
True,0.76478,1.48,9.3567,False,0.02648601550910848,0.011574931336370173,36.15975708425646,6.2433853371970445,0.003,0.0646812299535254,2,0.127,0.012,0.022,0.003,0.12,8000.0,15.0,0.35,1.225
True,0.78752,0.0,8.492,True,0.022768067694016264,0.006,29.964578758916097,8.7955957041081,0.0,0.04796669337224898,3,0.127,0.012,0.022,0.003,0.12,8000.0,15.0,0.35,1.225
True,0.85862,1.3,35.6006,True,0.029075647631653254,0.014,37.40991611282683,16.04381626882656,0.003,0.03711414922622039,6,0.127,0.012,0.022,0.003,0.12,8000.0,15.0,0.35,1.225
True,0.81549,1.8,18.4635,True,0.02060702257581437,0.01049850765758915,43.992422837588016,14.82495807231857,0.003,0.03,6,0.127,0.012,0.022,0.003,0.12,8000.0,15.0,0.35,1.225
True,0.83522,0.45,20.9172,False,0.02459238125043405,0.011529429643631454,31.0816051656981,15.350461548190175,0.0008724848209244047,0.06795557781315356,5,0.127,0.012,0.022,0.003,0.12,8000.0,15.0,0.35,1.225
True,0.79003,0.59,9.1631,False,0.02142902885099657,0.009315813644940937,25.0,13.952847187908379,0.0009602532001618873,0.0392046323322091,3,0.127,0.012,0.022,0.003,0.12,8000.0,15.0,0.35,1.225
True,0.83048,1.18,19.4872,False,0.023721416343445056,0.0111479886720943,26.46446111561172,12.83916493099433,0.0021867077933080646,0.04820601836850064,5,0.127,0.012,0.022,0.003,0.12,8000.0,15.0,0.35,1.225
True,0.73407,1.76,6.2921,True,0.02,0.011633591567023158,40.51317438199639,6.0,0.003,0.04769161609519137,2,0.127,0.012,0.022,0.003,0.12,8000.0,15.0,0.35,1.225
True,0.81876,1.17,17.4304,False,0.029198011277461307,0.006,33.036018028665595,10.693647818546813,0.002130783975394251,0.05960344352792146,4,0.127,0.012,0.022,0.003,0.12,8000.0,15.0,0.35,1.225
True,0.85548,1.55,24.6022,True,0.023136471826825586,0.012916542142606728,39.399781724690385,11.789681152784922,0.003,0.03,6,0.127,0.012,0.022,0.003,0.12,8000.0,15.0,0.35,1.225
True,0.83448,0.67,21.1092,False,0.02373552466544395,0.012791856550685399,31.24139328986483,16.250007178343555,0.0013142813008756866,0.06795557781315356,5,0.127,0.012,0.022,0.003,0.12,8000.0,15.0,0.35,1.225
True,0.81321,0.49,20.3432,False,0.028557344008084365,0.010818649759929065,31.664471974002808,17.1105557177071,0.0010156256573672564,0.04765282225179794,4,0.127,0.012,0.022,0.003,0.12,8000.0,15.0,0.35,1.225
True,0.83403,0.91,30.5282,False,0.02646693797643982,0.013537915482233848,26.304792277625314,6.846706709055584,0.0019483666502864102,0.06881751659788506,6,0.127,0.012,0.022,0.003,0.12,8000.0,15.0,0.35,1.225
True,0.83035,0.24,25.7138,False,0.033887090611550444,0.009664601920430437,27.603932964957835,10.466170584024347,0.0005395508752571517,0.03961741172112252,4,0.127,0.012,0.022,0.003,0.12,8000.0,15.0,0.35,1.225
True,0.81078,1.1,13.2878,False,0.02018942978013738,0.008426627842215314,33.8578113684118,15.38839032139577,0.0016716187729392483,0.06379232382563736,5,0.127,0.012,0.022,0.003,0.12,8000.0,15.0,0.35,1.225
True,0.80632,0.11,17.6298,False,0.03012622994237597,0.012393641834205667,35.224899595360355,12.668837652970513,0.0002507723013042397,0.05555741981739744,3,0.127,0.012,0.022,0.003,0.12,8000.0,15.0,0.35,1.225
True,0.63826,1.92,5.7054,True,0.022517773721432693,0.006519892116919536,38.972668256597345,19.267589985014922,0.002913684242094039,0.044669004108469273,2,0.127,0.012,0.022,0.003,0.12,8000.0,15.0,0.35,1.225
True,0.83125,0.59,21.8425,False,0.025014649257395504,0.011928797105314786,43.32697785089994,8.638071280980645,0.0011642133674645593,0.050118430290235425,5,0.127,0.012,0.022,0.003,0.12,8000.0,15.0,0.35,1.225
True,0.76092,1.26,16.5042,False,0.03215156185728824,0.007749465681578529,40.05081060264177,14.53990729289947,0.0026132426379750526,0.03430957342892704,3,0.127,0.012,0.022,0.003,0.12,8000.0,15.0,0.35,1.225
True,0.80234,1.0,11.5796,True,0.02,0.006289350320928184,33.62626489998776,14.821122356478043,0.001379276903388674,0.042608028635205145,5,0.127,0.012,0.022,0.003,0.12,8000.0,15.0,0.35,1.225
True,0.83839,0.59,21.7205,False,0.024226769309742085,0.012791856550685399,32.67266664683968,15.350461548190175,0.001171483751473354,0.06795557781315356,5,0.127,0.012,0.022,0.003,0.12,8000.0,15.0,0.35,1.225
True,0.82204,1.27,15.0806,False,0.022711167715206718,0.011742385140788618,28.33291422881474,12.450279652338157,0.002352976051400211,0.04721153349517311,4,0.127,0.012,0.022,0.003,0.12,8000.0,15.0,0.35,1.225
True,0.8353,0.61,20.2751,False,0.023052077672280905,0.012791856550685399,31.573982843846153,15.392992008187749,0.0011684016849944127,0.0686150989129346,5,0.127,0.012,0.022,0.003,0.12,8000.0,15.0,0.35,1.225
True,0.81229,0.61,11.1035,True,0.02009183856110956,0.009315813644940937,28.755861330700075,12.890872954617901,0.0009602532001618873,0.04113729324698756,4,0.127,0.012,0.022,0.003,0.12,8000.0,15.0,0.35,1.225
True,0.8239,0.97,14.0856,True,0.02,0.009690329374347191,29.678083619255204,14.987079961954489,0.001535422124433902,0.0608443571103417,5,0.127,0.012,0.022,0.003,0.12,8000.0,15.0,0.35,1.225
True,0.75755,0.37,7.0015,False,0.023440041553018768,0.009315813644940937,28.65501326297683,11.606250447136087,0.0006460105056346139,0.039037319516397086,2,0.127,0.012,0.022,0.003,0.12,8000.0,15.0,0.35,1.225
True,0.68195,0.15,4.9156,False,0.02,0.007319872618027067,31.474143009028616,15.908546576740887,0.0002145938029180565,0.04329365878113924,2,0.127,0.012,0.022,0.003,0.12,8000.0,15.0,0.35,1.225
True,0.79182,1.92,15.7,False,0.020168428677817936,0.008183102068171012,45.0,15.502784675174937,0.0028788063361569814,0.03,6,0.127,0.012,0.022,0.003,0.12,8000.0,15.0,0.35,1.225
True,0.83079,1.39,19.9157,False,0.022535684282820198,0.013052309731090216,38.16726690815291,14.78004966176979,0.0026738842189471456,0.03333385389224632,5,0.127,0.012,0.022,0.003,0.12,8000.0,15.0,0.35,1.225
True,0.73626,0.0,7.2082,False,0.02,0.006927468016336893,27.595093983475746,16.926079070449532,0.0,0.0350353689086271,3,0.127,0.012,0.022,0.003,0.12,8000.0,15.0,0.35,1.225
True,0.82816,1.63,21.2544,False,0.02,0.0137650117512148,37.450289290735434,18.152410038012935,0.003,0.03568888362238898,6,0.127,0.012,0.022,0.003,0.12,8000.0,15.0,0.35,1.225
True,0.83448,0.62,20.6524,False,0.025517208689050445,0.006,38.124868569422276,8.051407081959987,0.0010037820611833448,0.03,6,0.127,0.012,0.022,0.003,0.12,8000.0,15.0,0.35,1.225
True,0.77689,1.43,9.8253,False,0.02648601550910848,0.012701803776391022,33.80776557889277,6.2433853371970445,0.003,0.0646812299535254,2,0.127,0.012,0.022,0.003,0.12,8000.0,15.0,0.35,1.225
True,0.72581,1.25,6.0279,True,0.02264119405391552,0.007421828790436225,34.60419593048691,10.8440008878198,0.0019689265027714293,0.042057323736778715,2,0.127,0.012,0.022,0.003,0.12,8000.0,15.0,0.35,1.225
True,0.81996,1.53,20.543,False,0.025249603711321265,0.010283997473617522,38.19497953191537,16.2565735905114,0.0028788063361569814,0.034268489535732236,5,0.127,0.012,0.022,0.003,0.12,8000.0,15.0,0.35,1.225
True,0.81697,0.53,17.96,False,0.028300650900551748,0.00810632232810593,26.463885610445207,7.604512717353591,0.0010129763709756567,0.034278559211168916,4,0.127,0.012,0.022,0.003,0.12,8000.0,15.0,0.35,1.225
True,0.81657,0.85,16.591,False,0.02919773245279183,0.012059265531159023,35.33917312486813,8.378355167511629,0.001865150888555053,0.039033072114778494,3,0.127,0.012,0.022,0.003,0.12,8000.0,15.0,0.35,1.225
True,0.8402,0.15,24.5647,False,0.022661259855951722,0.01345452948142251,43.50702406086795,12.485397814173608,0.00028989069319680676,0.04094683864221587,6,0.127,0.012,0.022,0.003,0.12,8000.0,15.0,0.35,1.225
True,0.76788,0.3,8.1928,False,0.02594447714290094,0.009279750142860116,29.256716377157602,10.48911320242654,0.0005588415495181502,0.0688526000209001,2,0.127,0.012,0.022,0.003,0.12,8000.0,15.0,0.35,1.225
True,0.73965,0.91,10.7458,False,0.021303290230939055,0.007108439840357372,37.910297434404484,17.166029872927293,0.001354349430920357,0.05025888341080306,4,0.127,0.012,0.022,0.003,0.12,8000.0,15.0,0.35,1.225
True,0.73358,1.1,14.7849,False,0.030771419940915912,0.006814912558813155,31.574579811481406,19.835192494215526,0.0021275602672766606,0.06388014750602442,3,0.127,0.012,0.022,0.003,0.12,8000.0,15.0,0.35,1.225
True,0.82454,1.27,21.3451,False,0.024871167849790585,0.011610390756486507,41.566347441359184,13.673143341449618,0.0024733449978799767,0.048700295923836456,5,0.127,0.012,0.022,0.003,0.12,8000.0,15.0,0.35,1.225
True,0.84565,1.18,31.0617,False,0.032814508010034715,0.010218033151933816,33.458069351570074,15.357041049904593,0.0026546999518736094,0.05736964710777555,5,0.127,0.012,0.022,0.003,0.12,8000.0,15.0,0.35,1.225
True,0.81894,0.6,12.9347,False,0.021143922770153024,0.010737671647248983,31.43610559418204,12.809805853669602,0.0010172243436948327,0.062068907375319074,4,0.127,0.012,0.022,0.003,0.12,8000.0,15.0,0.35,1.225
True,0.79116,0.0,9.7489,False,0.024240377213047178,0.006656500207624771,25.45221946405583,10.488145421251959,0.0,0.04231134423033509,3,0.127,0.012,0.022,0.003,0.12,8000.0,15.0,0.35,1.225
True,0.68573,0.09,4.7611,True,0.020539713247028114,0.006,33.071288390170125,14.00431888198403,0.0001296035305469474,0.03318756361438659,2,0.127,0.012,0.022,0.003,0.12,8000.0,15.0,0.35,1.225
True,0.84659,1.47,26.3979,False,0.023447368735958526,0.014,31.274337843331473,14.805892613953658,0.0029716201497373535,0.045708102970812,6,0.127,0.012,0.022,0.003,0.12,8000.0,15.0,0.35,1.225
True,0.78859,1.39,10.8767,False,0.029446805316235152,0.011300448665700473,30.441368943013053,7.09336757866858,0.003,0.05113277249149733,2,0.127,0.012,0.022,0.003,0.12,8000.0,15.0,0.35,1.225
True,0.7636,1.37,8.0192,True,0.02,0.008775962870113122,38.70383578559516,9.713136362648232,0.0021000191879121787,0.03,3,0.127,0.012,0.022,0.003,0.12,8000.0,15.0,0.35,1.225
True,0.78137,1.16,10.8169,False,0.02,0.00897748747584657,34.24674244754748,15.38839032139577,0.001795844764912754,0.06379232382563736,4,0.127,0.012,0.022,0.003,0.12,8000.0,15.0,0.35,1.225
True,0.82545,0.27,13.6987,True,0.021568483093085303,0.007101616020332623,31.717589923012326,11.00777209326408,0.00040512955545828,0.03,5,0.127,0.012,0.022,0.003,0.12,8000.0,15.0,0.35,1.225
True,0.77673,0.0,10.245,False,0.023851980379596203,0.00824710510960041,29.615079536050008,14.658839022800905,0.0,0.07,3,0.127,0.012,0.022,0.003,0.12,8000.0,15.0,0.35,1.225
True,0.81986,1.51,17.7216,False,0.020083706489439756,0.013679989634037158,38.16726690815291,15.686132533340245,0.0027815121914320845,0.03021776248729476,5,0.127,0.012,0.022,0.003,0.12,8000.0,15.0,0.35,1.225
True,0.81359,1.11,13.1697,False,0.020071030128051868,0.008426627842215314,33.15366495021375,15.305142555749573,0.0016716187729392483,0.06379232382563736,5,0.127,0.012,0.022,0.003,0.12,8000.0,15.0,0.35,1.225
True,0.83752,0.58,22.2861,False,0.02467441164161273,0.012791856550685399,31.441882496659577,15.350461548190175,0.001171483751473354,0.06795557781315356,5,0.127,0.012,0.022,0.003,0.12,8000.0,15.0,0.35,1.225
True,0.83878,0.72,22.2571,False,0.02365422027730133,0.014,32.38416152896254,15.350461548190175,0.001466860253465888,0.06795557781315356,5,0.127,0.012,0.022,0.003,0.12,8000.0,15.0,0.35,1.225
True,0.78046,1.57,14.0644,False,0.020441338537200513,0.009099862133963622,39.27310824645946,17.11243795227001,0.002472032298150792,0.0391571842599972,5,0.127,0.012,0.022,0.003,0.12,8000.0,15.0,0.35,1.225
True,0.8324,1.03,17.2881,False,0.020091686315772187,0.009969924824104099,32.42070593664816,6.0,0.001659994428128389,0.05112666219585571,6,0.127,0.012,0.022,0.003,0.12,8000.0,15.0,0.35,1.225
True,0.82092,1.69,20.0547,True,0.02,0.012714772089698685,45.0,14.476694637711844,0.003,0.03,6,0.127,0.012,0.022,0.003,0.12,8000.0,15.0,0.35,1.225
True,0.83661,0.5,25.2582,False,0.02877169616533429,0.01035912834844239,35.118090083942825,6.4462469989176245,0.0010320911101372517,0.05772746853908328,5,0.127,0.012,0.022,0.003,0.12,8000.0,15.0,0.35,1.225
True,0.79766,0.67,12.0553,False,0.026435132661360588,0.00815600579120854,26.614306993499905,14.299798174339003,0.0012057910366505965,0.06654141601921945,3,0.127,0.012,0.022,0.003,0.12,8000.0,15.0,0.35,1.225
True,0.70526,0.28,10.4472,False,0.025135672375474774,0.006828925201082504,43.543541397078364,15.269659928005744,0.0004622517188379664,0.06164995108077148,3,0.127,0.012,0.022,0.003,0.12,8000.0,15.0,0.35,1.225
True,0.84382,0.03,40.4026,False,0.03207905563988013,0.013490382319958843,28.27863467965644,18.830567293391038,7.633787056245776e-05,0.03730110364599508,6,0.127,0.012,0.022,0.003,0.12,8000.0,15.0,0.35,1.225
True,0.75152,0.98,6.1731,True,0.022890348822654137,0.007541443314946857,30.66850788861039,9.047637283759865,0.0015679743245587427,0.042145869693340124,2,0.127,0.012,0.022,0.003,0.12,8000.0,15.0,0.35,1.225
True,0.78911,1.28,21.0707,False,0.02820129659699191,0.012156500397908599,39.4475212935436,17.378909798287452,0.002745129530900251,0.04656120825744745,4,0.127,0.012,0.022,0.003,0.12,8000.0,15.0,0.35,1.225
True,0.7932,1.37,12.5677,False,0.021463762259988778,0.009798056338230358,42.09588731333956,9.822461253385294,0.0022804091473993295,0.03349003053728121,4,0.127,0.012,0.022,0.003,0.12,8000.0,15.0,0.35,1.225
True,0.85003,0.85,32.887,False,0.03341532238812682,0.011008458308016774,34.46492253434086,11.851359960194799,0.0019880335686569338,0.05488329988418346,5,0.127,0.012,0.022,0.003,0.12,8000.0,15.0,0.35,1.225
True,0.77469,0.3,8.1015,False,0.02594447714290094,0.009027822827668994,26.304365167342006,10.48911320242654,0.0005588415495181502,0.06734129200965883,2,0.127,0.012,0.022,0.003,0.12,8000.0,15.0,0.35,1.225
True,0.79082,0.6,9.0691,False,0.022133872349344084,0.008182211698701968,27.32791000528566,13.332448702895736,0.0009602532001618873,0.0392046323322091,3,0.127,0.012,0.022,0.003,0.12,8000.0,15.0,0.35,1.225
True,0.74219,0.0,6.6326,False,0.023763869501235636,0.007764999639197013,25.275484825721808,14.09860338388258,0.0,0.04701351478508063,2,0.127,0.012,0.022,0.003,0.12,8000.0,15.0,0.35,1.225
True,0.82992,0.0,13.6659,True,0.02,0.006,33.78206215442886,11.714685605420815,0.0,0.031697590152779564,6,0.127,0.012,0.022,0.003,0.12,8000.0,15.0,0.35,1.225
True,0.83165,0.78,16.7782,False,0.02163551147790846,0.007390961636306276,40.578376307844664,9.595025558917087,0.0011972231238007451,0.03,6,0.127,0.012,0.022,0.003,0.12,8000.0,15.0,0.35,1.225
True,0.84888,0.78,35.9001,False,0.029244141400443326,0.014,29.44474062476244,15.45984807214445,0.0018092188365041741,0.06895372886386607,6,0.127,0.012,0.022,0.003,0.12,8000.0,15.0,0.35,1.225
True,0.83609,1.02,20.0396,True,0.024178176093277364,0.0111479886720943,29.89367289347159,12.83916493099433,0.0019135539531240256,0.0567779504388079,5,0.127,0.012,0.022,0.003,0.12,8000.0,15.0,0.35,1.225
True,0.76409,1.69,10.0871,True,0.02,0.012821456682305535,42.27633986611614,10.838752459937567,0.003,0.04790146880813689,3,0.127,0.012,0.022,0.003,0.12,8000.0,15.0,0.35,1.225
True,0.83779,1.63,21.2544,True,0.02,0.0137650117512148,33.85005670206194,18.152410038012935,0.003,0.03568888362238898,6,0.127,0.012,0.022,0.003,0.12,8000.0,15.0,0.35,1.225
True,0.81547,0.72,13.0419,False,0.021692716499710083,0.006,37.200511505844936,6.603502054478629,0.001040377556052413,0.03,5,0.127,0.012,0.022,0.003,0.12,8000.0,15.0,0.35,1.225
True,0.83301,1.11,19.2076,True,0.021760666487553367,0.009767597565909863,31.68759921018865,6.0202304689570925,0.0018561970017046193,0.04902890495804783,6,0.127,0.012,0.022,0.003,0.12,8000.0,15.0,0.35,1.225
True,0.82587,0.38,15.8596,False,0.025245860264538192,0.009510094807445336,33.35635623226585,10.163272705328943,0.0006899342346588995,0.0668522876855523,4,0.127,0.012,0.022,0.003,0.12,8000.0,15.0,0.35,1.225
True,0.75828,0.14,7.0929,False,0.025960593434528452,0.006,25.322177570013203,6.0,0.0002343719394103821,0.062225898132895585,2,0.127,0.012,0.022,0.003,0.12,8000.0,15.0,0.35,1.225
True,0.74768,0.0,5.1768,True,0.021414106421899868,0.006261585442776451,25.0,11.396705102814508,0.0,0.04911348851567111,2,0.127,0.012,0.022,0.003,0.12,8000.0,15.0,0.35,1.225
True,0.85859,1.3,35.6006,False,0.029075647631653254,0.014,37.40991611282683,16.04381626882656,0.003,0.04095666173157027,6,0.127,0.012,0.022,0.003,0.12,8000.0,15.0,0.35,1.225
True,0.7452,0.24,5.2271,True,0.020044384433697705,0.008326409592839206,26.686023472018736,11.932009289662636,0.00036597445351909536,0.0433387964558955,2,0.127,0.012,0.022,0.003,0.12,8000.0,15.0,0.35,1.225
True,0.84957,0.11,33.1794,False,0.032808719514601264,0.012101790786983022,36.05689282721623,9.008709220513763,0.0002548018920540744,0.03515920866881442,5,0.127,0.012,0.022,0.003,0.12,8000.0,15.0,0.35,1.225
True,0.73903,1.08,15.1595,False,0.02624988803648666,0.0070827097846667695,38.07328052670047,19.069725939213036,0.0018749736371837388,0.06486913844324152,4,0.127,0.012,0.022,0.003,0.12,8000.0,15.0,0.35,1.225
True,0.85,0.38,32.8218,False,0.0310503707007693,0.00921872552146693,31.757258518859405,13.563324188874073,0.0008068789377186866,0.04466524371073257,6,0.127,0.012,0.022,0.003,0.12,8000.0,15.0,0.35,1.225
True,0.80006,0.24,10.9666,False,0.021169056778605602,0.013001310177772119,25.768403921125703,6.752958257873514,0.0004455493424765999,0.051191587240122884,3,0.127,0.012,0.022,0.003,0.12,8000.0,15.0,0.35,1.225
True,0.82376,1.42,14.1115,True,0.022286439096723044,0.0066454403038863664,29.089961963584432,11.481404561962517,0.00215022739659004,0.030228116065039893,5,0.127,0.012,0.022,0.003,0.12,8000.0,15.0,0.35,1.225
True,0.75859,0.61,9.4764,False,0.027631201327162205,0.010351409303585595,33.46429512038213,11.010339789523169,0.0012247415674251792,0.06809163406224289,2,0.127,0.012,0.022,0.003,0.12,8000.0,15.0,0.35,1.225
True,0.75893,1.31,14.1399,False,0.023961543500778584,0.00881144194121546,41.28355281975113,16.247309951842936,0.0022588825713862077,0.0451790945365263,4,0.127,0.012,0.022,0.003,0.12,8000.0,15.0,0.35,1.225
True,0.73764,1.25,17.519,False,0.030450929493924177,0.01179487021492065,44.860727885678315,16.55335873194354,0.0027923290438637864,0.05519914638044936,3,0.127,0.012,0.022,0.003,0.12,8000.0,15.0,0.35,1.225
True,0.8155,0.34,14.4001,False,0.024039065527768674,0.009085209493362124,25.468068239413434,11.07175470526347,0.0005974637916882055,0.03850834428450073,4,0.127,0.012,0.022,0.003,0.12,8000.0,15.0,0.35,1.225
True,0.83356,1.26,24.3344,False,0.022035997737722694,0.014,34.29761324374113,19.256189659175057,0.002469831517229437,0.07,6,0.127,0.012,0.022,0.003,0.12,8000.0,15.0,0.35,1.225
True,0.83506,1.49,26.1061,False,0.02325179096846704,0.014,44.02175608949837,15.536886726459844,0.003,0.03,6,0.127,0.012,0.022,0.003,0.12,8000.0,15.0,0.35,1.225
True,0.80236,1.62,14.5181,False,0.020438465248086655,0.01371289199438526,44.156401215358905,7.485796794467168,0.003,0.04193433507585821,4,0.127,0.012,0.022,0.003,0.12,8000.0,15.0,0.35,1.225
True,0.75415,0.72,6.9272,False,0.021559783409718997,0.011511595441402928,34.96839698140255,6.800954678838464,0.0012727161983058114,0.05868148483148628,2,0.127,0.012,0.022,0.003,0.12,8000.0,15.0,0.35,1.225
True,0.8278,1.42,30.7156,False,0.027729090930102018,0.012078047696274944,45.0,16.943255878753046,0.003,0.043519730540950145,6,0.127,0.012,0.022,0.003,0.12,8000.0,15.0,0.35,1.225
True,0.83453,0.94,19.7346,True,0.02198307985875834,0.009996147497757242,30.9143172832758,17.831337921654004,0.0015979882851927074,0.03,6,0.127,0.012,0.022,0.003,0.12,8000.0,15.0,0.35,1.225
True,0.78295,1.5,14.372,False,0.0202420631501133,0.013749872905364419,38.16726690815291,16.70973228093785,0.0027815121914320845,0.03412072365671748,4,0.127,0.012,0.022,0.003,0.12,8000.0,15.0,0.35,1.225
True,0.64416,1.7,7.6342,False,0.0269662894756061,0.006173652405542167,38.972668256597345,20.0,0.002913684242094039,0.044669004108469273,2,0.127,0.012,0.022,0.003,0.12,8000.0,15.0,0.35,1.225
True,0.82939,0.0,13.6659,False,0.02,0.006,35.035895289867945,11.714685605420815,0.0,0.031697590152779564,6,0.127,0.012,0.022,0.003,0.12,8000.0,15.0,0.35,1.225
True,0.85487,1.37,33.3421,False,0.02911596527133949,0.01228879320325658,33.858095864816335,14.537038298509055,0.003,0.03,6,0.127,0.012,0.022,0.003,0.12,8000.0,15.0,0.35,1.225
True,0.85509,1.19,31.2575,False,0.027552267641272114,0.012726676163901678,35.89800810964224,15.101554081445979,0.002550437170423714,0.05414066456265515,6,0.127,0.012,0.022,0.003,0.12,8000.0,15.0,0.35,1.225
True,0.80516,0.0,13.03,False,0.02471599925180822,0.006,31.421369641134675,6.2142896936536856,0.0,0.04869804243789799,4,0.127,0.012,0.022,0.003,0.12,8000.0,15.0,0.35,1.225
True,0.83242,1.02,17.3211,False,0.020118490030054226,0.009969924824104099,32.42070593664816,6.0,0.0016375482549259213,0.05112666219585571,6,0.127,0.012,0.022,0.003,0.12,8000.0,15.0,0.35,1.225
True,0.81193,0.61,11.1035,False,0.02009183856110956,0.009315813644940937,28.755861330700075,13.14879686863712,0.0009602532001618873,0.04113729324698756,4,0.127,0.012,0.022,0.003,0.12,8000.0,15.0,0.35,1.225
True,0.82724,0.0,13.6659,False,0.02,0.006,31.29985988902623,13.75213297967559,0.0,0.04002424575153086,6,0.127,0.012,0.022,0.003,0.12,8000.0,15.0,0.35,1.225
True,0.79136,1.26,9.7411,True,0.02447569855714351,0.006291271746641005,27.398238892572138,12.312914217365797,0.002011531798019873,0.06752626988064836,3,0.127,0.012,0.022,0.003,0.12,8000.0,15.0,0.35,1.225
True,0.68099,0.51,5.5903,False,0.020914772870776303,0.008364694278059947,38.59890231358992,14.270880987012463,0.0007912963240872358,0.04823036292928447,2,0.127,0.012,0.022,0.003,0.12,8000.0,15.0,0.35,1.225
True,0.80418,0.12,16.7869,False,0.025267012997305077,0.010725997035353669,43.04143953863503,7.840488167259804,0.00022861054774094044,0.040158250945809465,4,0.127,0.012,0.022,0.003,0.12,8000.0,15.0,0.35,1.225
True,0.79147,0.28,15.3008,False,0.02761672511806758,0.012134693852616334,32.808756210696394,15.1861348966782,0.0005987928239853008,0.05017820674897865,3,0.127,0.012,0.022,0.003,0.12,8000.0,15.0,0.35,1.225
True,0.82125,1.41,20.0267,False,0.022757727644004213,0.009269798011547252,28.051188759470858,19.2799667604,0.00239699287702116,0.0626316863000255,6,0.127,0.012,0.022,0.003,0.12,8000.0,15.0,0.35,1.225
True,0.82659,1.41,20.7075,False,0.03139881366005795,0.007198024380910832,35.153908409620875,10.255686438543464,0.0028170651766184734,0.03973322339035891,4,0.127,0.012,0.022,0.003,0.12,8000.0,15.0,0.35,1.225
True,0.8442,0.72,32.9855,False,0.03328421038475873,0.011278391738354286,42.36797922609186,6.697992028205034,0.0016781014069093582,0.05898465537949313,5,0.127,0.012,0.022,0.003,0.12,8000.0,15.0,0.35,1.225
True,0.84304,0.64,29.7313,False,0.029635943383827097,0.013339852478437893,31.6644873807056,16.614247839161198,0.001462328303451378,0.031559143101563686,5,0.127,0.012,0.022,0.003,0.12,8000.0,15.0,0.35,1.225
True,0.76627,1.13,8.2213,True,0.025056547316894683,0.01054974923764547,33.337525168815745,6.0,0.002137718783985377,0.07,2,0.127,0.012,0.022,0.003,0.12,8000.0,15.0,0.35,1.225
True,0.83409,0.62,15.5277,True,0.02,0.008214197624608314,33.61016507063232,14.847333510559244,0.0009212532746603412,0.0363037777254483,6,0.127,0.012,0.022,0.003,0.12,8000.0,15.0,0.35,1.225
True,0.81902,1.6,20.1133,False,0.02,0.012767191901401648,45.0,14.82495807231857,0.002837983026734884,0.03,6,0.127,0.012,0.022,0.003,0.12,8000.0,15.0,0.35,1.225
True,0.82386,0.97,14.0856,False,0.02,0.009690329374347191,29.678083619255204,14.987079961954489,0.001535422124433902,0.06693755282128859,5,0.127,0.012,0.022,0.003,0.12,8000.0,15.0,0.35,1.225
True,0.8466,1.63,21.2635,True,0.02,0.013772815888605456,37.44990968305717,14.7700224905123,0.003,0.03,6,0.127,0.012,0.022,0.003,0.12,8000.0,15.0,0.35,1.225
True,0.78521,0.0,9.2587,False,0.02321975330630472,0.007072093653559853,25.0,6.0,0.0,0.0658433751400739,3,0.127,0.012,0.022,0.003,0.12,8000.0,15.0,0.35,1.225
True,0.74934,0.24,5.4149,True,0.020044384433697705,0.008940868213283664,28.187632128587193,10.73896649047548,0.00036597445351909536,0.0433387964558955,2,0.127,0.012,0.022,0.003,0.12,8000.0,15.0,0.35,1.225
True,0.82239,1.04,18.991,False,0.02,0.011741221809735405,35.61865527718386,18.330214574572246,0.0017761519200971325,0.03,6,0.127,0.012,0.022,0.003,0.12,8000.0,15.0,0.35,1.225
True,0.78551,1.92,11.8911,True,0.022538627413590903,0.007296675031338986,40.93997767243422,10.40326007786296,0.003,0.04880842563676745,4,0.127,0.012,0.022,0.003,0.12,8000.0,15.0,0.35,1.225
True,0.80081,0.52,11.3957,False,0.02341634520368046,0.011008620445649634,26.017142315181502,12.861864863315251,0.0009602532001618873,0.04113729324698756,3,0.127,0.012,0.022,0.003,0.12,8000.0,15.0,0.35,1.225
True,0.74766,0.0,6.8866,False,0.022467442291088605,0.010259955337648894,28.93792035967197,12.809872081444485,0.0,0.06057269491303306,2,0.127,0.012,0.022,0.003,0.12,8000.0,15.0,0.35,1.225
True,0.83405,1.41,21.1843,False,0.02588650261906758,0.0060115954882064854,41.385858943589454,9.059771247387769,0.002327562125031673,0.04130544751021361,6,0.127,0.012,0.022,0.003,0.12,8000.0,15.0,0.35,1.225
True,0.82795,0.85,17.7177,False,0.022207900763003875,0.0111479886720943,26.46446111561172,12.98893767091753,0.0015231589085264081,0.04820601836850064,5,0.127,0.012,0.022,0.003,0.12,8000.0,15.0,0.35,1.225
True,0.79014,1.34,10.238,False,0.02447569855714351,0.007352191122441629,27.398238892572138,14.075667850455769,0.0022267244068869332,0.06752626988064836,3,0.127,0.012,0.022,0.003,0.12,8000.0,15.0,0.35,1.225
True,0.78169,1.49,9.2794,True,0.026549925879692123,0.011300448665700473,30.441368943013053,6.0,0.003,0.05457477117163963,2,0.127,0.012,0.022,0.003,0.12,8000.0,15.0,0.35,1.225
True,0.80616,1.48,14.0351,False,0.02648601550910848,0.011574931336370173,36.15975708425646,6.2433853371970445,0.003,0.0646812299535254,3,0.127,0.012,0.022,0.003,0.12,8000.0,15.0,0.35,1.225
True,0.83289,1.51,15.4581,True,0.020233713962303425,0.011041350839062169,37.93840852136446,8.566174893753951,0.002543491409265395,0.051605622515982684,5,0.127,0.012,0.022,0.003,0.12,8000.0,15.0,0.35,1.225
True,0.85483,1.04,28.8626,False,0.02752892854814387,0.010850878254727489,40.35988484520115,13.008323551774904,0.0021073737452926376,0.056418037589405404,6,0.127,0.012,0.022,0.003,0.12,8000.0,15.0,0.35,1.225
True,0.76606,1.22,20.9624,False,0.03379030629578912,0.012249169445251226,33.124926243552686,19.375437508556715,0.0029561786704571024,0.06954863307534905,3,0.127,0.012,0.022,0.003,0.12,8000.0,15.0,0.35,1.225
True,0.8268,0.95,16.9018,False,0.024189018497362137,0.007561276382946296,30.30101531302318,15.373830954277777,0.0015736741391245046,0.03176154850659825,5,0.127,0.012,0.022,0.003,0.12,8000.0,15.0,0.35,1.225
True,0.74712,0.07,8.3068,False,0.02618707173184876,0.009257603818235089,36.98127846406787,7.066195767210282,0.0001281063391237869,0.04628867892141461,2,0.127,0.012,0.022,0.003,0.12,8000.0,15.0,0.35,1.225
True,0.82269,0.47,24.8406,False,0.03000012865373681,0.013999849646490797,42.71168930322085,11.584988262417731,0.0010970227444878154,0.04051385633431086,4,0.127,0.012,0.022,0.003,0.12,8000.0,15.0,0.35,1.225
True,0.79598,0.3,9.5675,False,0.022444457147981493,0.00879533906901599,25.860565303032242,9.790189955072659,0.0005028430902550282,0.06457963738393879,3,0.127,0.012,0.022,0.003,0.12,8000.0,15.0,0.35,1.225
True,0.7918,0.63,20.4842,False,0.031968489532750034,0.006006190923657407,28.386191045655394,18.22736205409203,0.0012312501419476495,0.037752218946604126,4,0.127,0.012,0.022,0.003,0.12,8000.0,15.0,0.35,1.225
True,0.8073,0.96,12.3319,True,0.025056547316894683,0.01054974923764547,30.64495147714613,7.077210871242239,0.0018161653857253735,0.06895930875854459,3,0.127,0.012,0.022,0.003,0.12,8000.0,15.0,0.35,1.225
True,0.85068,1.46,22.6482,True,0.02102801681106458,0.013772815888605456,40.428093851108954,11.560167136251719,0.002756982355631564,0.039054827395695615,6,0.127,0.012,0.022,0.003,0.12,8000.0,15.0,0.35,1.225
True,0.81059,0.72,13.1463,False,0.021211819907901462,0.01095469267466691,27.034810702301286,15.899347368685294,0.0012341583546026502,0.03,4,0.127,0.012,0.022,0.003,0.12,8000.0,15.0,0.35,1.225
True,0.75863,1.03,8.455,False,0.025056547316894683,0.011159931272826893,36.166978673092125,6.0,0.0019874480067008926,0.07,2,0.127,0.012,0.022,0.003,0.12,8000.0,15.0,0.35,1.225
True,0.82409,0.88,13.6314,True,0.02075402483980259,0.012181270970028834,34.69606186562252,8.664853208052184,0.0015628646399756282,0.05712854933198648,4,0.127,0.012,0.022,0.003,0.12,8000.0,15.0,0.35,1.225
True,0.80226,0.24,11.4468,False,0.022532791864747492,0.01219989844231061,25.768403921125703,7.515414111402977,0.0004455493424765999,0.04486356459561591,3,0.127,0.012,0.022,0.003,0.12,8000.0,15.0,0.35,1.225
True,0.81976,0.74,13.0717,True,0.02,0.008390245726374694,28.769616063220298,15.125869160793506,0.0011095392056429023,0.05709242737279824,5,0.127,0.012,0.022,0.003,0.12,8000.0,15.0,0.35,1.225
True,0.84651,1.63,21.2635,False,0.02,0.013772815888605456,37.44990968305717,14.7700224905123,0.003,0.031009473827889766,6,0.127,0.012,0.022,0.003,0.12,8000.0,15.0,0.35,1.225
True,0.82047,0.5,16.2747,False,0.025627329602500883,0.009561470639981565,26.867905730484093,11.482184115432036,0.0009226714801082073,0.06835834731252338,4,0.127,0.012,0.022,0.003,0.12,8000.0,15.0,0.35,1.225
True,0.78608,0.15,9.7094,False,0.02405094771571337,0.006848226128229329,25.322177570013203,6.0,0.0002343719394103821,0.062225898132895585,3,0.127,0.012,0.022,0.003,0.12,8000.0,15.0,0.35,1.225
True,0.79843,0.24,11.1817,False,0.021483498889590717,0.013001310177772119,25.768403921125703,6.0,0.0004455493424765999,0.04696548083875447,3,0.127,0.012,0.022,0.003,0.12,8000.0,15.0,0.35,1.225
True,0.80331,0.5,10.7714,True,0.020762293196303523,0.007896081737328775,36.50589398382615,7.433467535972067,0.0007557522899524424,0.04942565391184839,4,0.127,0.012,0.022,0.003,0.12,8000.0,15.0,0.35,1.225
True,0.78065,1.52,8.5713,True,0.02384434427882307,0.012973419328407274,30.441368943013053,6.0,0.003,0.05810259690327655,2,0.127,0.012,0.022,0.003,0.12,8000.0,15.0,0.35,1.225
True,0.79271,0.32,8.7824,True,0.021226919933307012,0.00879533906901599,25.0,9.240704094893236,0.0005028430902550282,0.06111866181178417,3,0.127,0.012,0.022,0.003,0.12,8000.0,15.0,0.35,1.225
True,0.75312,0.88,6.6354,False,0.02089987054407871,0.011511595441402928,34.96839698140255,6.0,0.001534393395104181,0.059285084520661176,2,0.127,0.012,0.022,0.003,0.12,8000.0,15.0,0.35,1.225
True,0.77346,0.56,9.9663,False,0.022133872349344084,0.009993701097978478,27.32791000528566,16.252814806016737,0.0009602532001618873,0.0392046323322091,3,0.127,0.012,0.022,0.003,0.12,8000.0,15.0,0.35,1.225
True,0.8312,0.0,19.5749,False,0.02635331876154911,0.007675533587196478,38.69334499347753,9.257091972997424,7.778464521557282e-08,0.052291409586717096,5,0.127,0.012,0.022,0.003,0.12,8000.0,15.0,0.35,1.225
True,0.74304,0.64,10.3345,False,0.028267515055517386,0.01159790069966549,40.18479085577578,10.09042803229513,0.0013500247129741166,0.04478919349535409,2,0.127,0.012,0.022,0.003,0.12,8000.0,15.0,0.35,1.225
True,0.80438,1.53,13.9717,False,0.021155419519917725,0.008036027926296702,32.72309159607627,17.093889096233198,0.002352415792567612,0.030866152974476462,5,0.127,0.012,0.022,0.003,0.12,8000.0,15.0,0.35,1.225
True,0.79979,0.31,20.5702,False,0.029236152882322272,0.010166898768361634,27.067650339055803,18.993546871580506,0.0006449147121653267,0.047693095413997716,4,0.127,0.012,0.022,0.003,0.12,8000.0,15.0,0.35,1.225
True,0.81668,0.74,19.5271,False,0.03208152379593544,0.01254291134655032,28.067600165190257,7.205316733219008,0.0017378034830399234,0.06815712621889515,3,0.127,0.012,0.022,0.003,0.12,8000.0,15.0,0.35,1.225
True,0.81514,1.41,17.4043,False,0.0233339842074929,0.013903115858872208,37.214533241217865,14.010182294552763,0.002842843023335826,0.058242309314849215,4,0.127,0.012,0.022,0.003,0.12,8000.0,15.0,0.35,1.225
True,0.83564,1.04,31.6125,False,0.03246013223896141,0.00603823825193739,44.86503998688154,11.583224395847008,0.0020509968576085946,0.0369265634772118,6,0.127,0.012,0.022,0.003,0.12,8000.0,15.0,0.35,1.225
True,0.77101,0.5,10.7548,False,0.02384008465379797,0.009266480988649512,31.2123636592293,15.252041509061222,0.0008804755161486801,0.06278295600004927,3,0.127,0.012,0.022,0.003,0.12,8000.0,15.0,0.35,1.225
True,0.65563,1.83,6.833,True,0.02,0.006,42.534346394047205,20.0,0.0024819297305336365,0.03,3,0.127,0.012,0.022,0.003,0.12,8000.0,15.0,0.35,1.225
True,0.79043,1.25,12.9757,False,0.03090494803038907,0.014,33.70619030882089,6.0,0.003,0.056526237524060594,2,0.127,0.012,0.022,0.003,0.12,8000.0,15.0,0.35,1.225
True,0.78221,1.44,9.4806,True,0.02035778301416927,0.011283496632617462,38.38853924733758,6.0,0.002444810886163521,0.0573184994476178,3,0.127,0.012,0.022,0.003,0.12,8000.0,15.0,0.35,1.225
True,0.73927,1.66,10.4475,False,0.02060702257581437,0.012754363738801592,44.485703103222846,14.30254724175796,0.003,0.03048487643269337,3,0.127,0.012,0.022,0.003,0.12,8000.0,15.0,0.35,1.225
True,0.84051,1.63,21.2635,False,0.02,0.013772815888605456,37.44990968305717,16.20478474377495,0.003,0.03331129154627718,6,0.127,0.012,0.022,0.003,0.12,8000.0,15.0,0.35,1.225
True,0.76258,1.21,10.1736,False,0.021795581591536134,0.010817856143144866,34.41506520363577,15.34549047717319,0.0021136206634698234,0.03,3,0.127,0.012,0.022,0.003,0.12,8000.0,15.0,0.35,1.225
True,0.74667,1.2,6.3115,True,0.0222769805084269,0.008815598205266057,33.57454614760378,8.452277520391197,0.0019689265027714293,0.052798205021660854,2,0.127,0.012,0.022,0.003,0.12,8000.0,15.0,0.35,1.225
True,0.82068,0.95,17.0422,False,0.022644176292398874,0.009831809398284498,42.33891284708726,6.0,0.0016344990152921011,0.030919039645643367,5,0.127,0.012,0.022,0.003,0.12,8000.0,15.0,0.35,1.225
True,0.75484,0.72,6.9272,False,0.021559783409718997,0.011511595441402928,34.96839698140255,6.0,0.0012727161983058114,0.053393525523967054,2,0.127,0.012,0.022,0.003,0.12,8000.0,15.0,0.35,1.225
True,0.72563,1.49,5.994,True,0.02,0.010775480250416788,40.51317438199639,7.89887636258111,0.0024557765247658907,0.05205233574517476,2,0.127,0.012,0.022,0.003,0.12,8000.0,15.0,0.35,1.225
True,0.76157,0.0,7.0579,False,0.02,0.006562077950445017,34.13053718074971,10.346346587024305,0.0,0.03405334653025894,3,0.127,0.012,0.022,0.003,0.12,8000.0,15.0,0.35,1.225
True,0.78792,1.86,12.1373,True,0.022538627413590903,0.007697025348273861,40.93997767243422,10.40326007786296,0.0029600439320177745,0.04880842563676745,4,0.127,0.012,0.022,0.003,0.12,8000.0,15.0,0.35,1.225
True,0.79593,1.67,13.6454,False,0.020054057720545658,0.013019797056312649,44.76221936227965,6.0,0.003,0.051405810744728705,4,0.127,0.012,0.022,0.003,0.12,8000.0,15.0,0.35,1.225
True,0.79849,1.13,9.1761,True,0.02008670987068358,0.006,25.0,8.061516370534088,0.0015404426079097047,0.07,4,0.127,0.012,0.022,0.003,0.12,8000.0,15.0,0.35,1.225
True,0.81656,1.63,17.0314,False,0.021408659123323043,0.007982178343822706,45.0,10.980610894501378,0.0025318233693354016,0.03437247177021176,6,0.127,0.012,0.022,0.003,0.12,8000.0,15.0,0.35,1.225
True,0.75469,1.63,6.634,True,0.022685419134286105,0.009242556234054058,30.877040223650802,10.381001491757715,0.0027522091821073845,0.051239212833721876,2,0.127,0.012,0.022,0.003,0.12,8000.0,15.0,0.35,1.225
True,0.75944,1.71,8.4048,True,0.022278528804503362,0.006514352903890507,37.08196488745298,10.43284382938629,0.0025769620765836083,0.06484896558728055,3,0.127,0.012,0.022,0.003,0.12,8000.0,15.0,0.35,1.225
True,0.73688,1.25,9.0467,False,0.020366894417143892,0.010433255308188328,44.37795511222496,12.325709841114016,0.0020631150170505336,0.04641620913683601,3,0.127,0.012,0.022,0.003,0.12,8000.0,15.0,0.35,1.225
True,0.81372,0.32,15.4806,False,0.024895697675599453,0.009458955708875675,32.39014327880331,14.745026312840006,0.0005875010676945564,0.0567422411927718,4,0.127,0.012,0.022,0.003,0.12,8000.0,15.0,0.35,1.225
True,0.85202,0.74,36.7152,False,0.03369174164949337,0.008499636309937879,38.38655252831815,16.614270502728743,0.0016241150889186662,0.03928101411833352,6,0.127,0.012,0.022,0.003,0.12,8000.0,15.0,0.35,1.225
True,0.77504,0.62,12.1152,False,0.029502812676718608,0.0139878993038276,27.77270927850947,14.944568033709047,0.0014391366643975955,0.03414612367831322,2,0.127,0.012,0.022,0.003,0.12,8000.0,15.0,0.35,1.225
True,0.78069,0.43,22.5745,False,0.02579688845019741,0.01165866399668795,41.875718256744435,18.941882437403592,0.0008597568988373773,0.05186106675035995,5,0.127,0.012,0.022,0.003,0.12,8000.0,15.0,0.35,1.225
True,0.81437,0.07,21.5399,False,0.032052057353383484,0.007297879664204238,25.23503981257431,7.143449940756718,0.00014810203417962942,0.040235068643183984,4,0.127,0.012,0.022,0.003,0.12,8000.0,15.0,0.35,1.225
True,0.8449,1.33,26.4361,False,0.028276972436700527,0.012148426631954517,33.61399277909588,8.72705886920424,0.002853474560088397,0.06663309433487127,5,0.127,0.012,0.022,0.003,0.12,8000.0,15.0,0.35,1.225
True,0.78346,1.94,12.2604,True,0.023855387734958995,0.006,41.14043805216483,9.55757904226973,0.003,0.04226291932759885,4,0.127,0.012,0.022,0.003,0.12,8000.0,15.0,0.35,1.225
True,0.78418,1.02,10.8025,False,0.02722786659946009,0.014,33.05745940721773,6.0,0.002245150056272607,0.058508371837742365,2,0.127,0.012,0.022,0.003,0.12,8000.0,15.0,0.35,1.225
True,0.82416,0.08,13.6246,True,0.021496380501681185,0.007101616020332623,30.42634493852256,11.00777209326408,0.00011552550838554878,0.03,5,0.127,0.012,0.022,0.003,0.12,8000.0,15.0,0.35,1.225
True,0.76288,1.16,6.3027,True,0.020670719476277962,0.010850625829203354,30.937843027595154,6.0,0.001953904029776666,0.07,2,0.127,0.012,0.022,0.003,0.12,8000.0,15.0,0.35,1.225
True,0.79764,1.04,14.0351,False,0.02648601550910848,0.011574931336370173,38.546826771893734,6.0,0.0021108559756828917,0.07,3,0.127,0.012,0.022,0.003,0.12,8000.0,15.0,0.35,1.225
True,0.7774,1.56,8.7361,True,0.026549925879692123,0.009911943630671502,30.01631526608944,6.0,0.003,0.06811076154419593,2,0.127,0.012,0.022,0.003,0.12,8000.0,15.0,0.35,1.225
True,0.81182,0.62,15.5277,False,0.02,0.008214197624608314,35.17547667774046,17.20746401987911,0.0009212532746603412,0.03383361951371445,6,0.127,0.012,0.022,0.003,0.12,8000.0,15.0,0.35,1.225
True,0.79157,1.73,19.4061,False,0.02,0.012126196486946652,45.0,18.334105188137443,0.003,0.03,6,0.127,0.012,0.022,0.003,0.12,8000.0,15.0,0.35,1.225
True,0.65393,1.37,6.0085,False,0.02357755435120684,0.006,36.81908362091959,17.857558947874246,0.0021008567999305137,0.05100700905097983,2,0.127,0.012,0.022,0.003,0.12,8000.0,15.0,0.35,1.225
True,0.79485,0.0,10.1557,False,0.022135348398695583,0.010354502322738941,25.0,12.94238482935605,0.0,0.05225701307072239,3,0.127,0.012,0.022,0.003,0.12,8000.0,15.0,0.35,1.225
True,0.82013,1.64,16.794,True,0.02121781955722448,0.007982178343822706,45.0,8.706547498032188,0.0025318233693354016,0.03437247177021176,6,0.127,0.012,0.022,0.003,0.12,8000.0,15.0,0.35,1.225
True,0.78592,0.57,14.6317,False,0.02055302333456858,0.006411003876949034,30.48097491545941,19.96396203204679,0.0008066079046416712,0.03,6,0.127,0.012,0.022,0.003,0.12,8000.0,15.0,0.35,1.225
True,0.82186,1.42,14.1115,False,0.022286439096723044,0.0066454403038863664,27.22854593136378,11.481404561962517,0.00215022739659004,0.03,5,0.127,0.012,0.022,0.003,0.12,8000.0,15.0,0.35,1.225
True,0.80796,0.26,11.5616,False,0.022416946946225223,0.006921320515731483,26.2392676145625,11.637987202738202,0.00040512955545828,0.0390360851912473,4,0.127,0.012,0.022,0.003,0.12,8000.0,15.0,0.35,1.225
True,0.79094,0.69,9.0569,True,0.022114941057502894,0.008182211698701968,27.32791000528566,13.332448702895736,0.00110581358885642,0.03998307310388735,3,0.127,0.012,0.022,0.003,0.12,8000.0,15.0,0.35,1.225
True,0.76021,1.47,9.042,False,0.023929955527815273,0.014,38.2996734393544,6.0,0.003,0.06000447088001978,2,0.127,0.012,0.022,0.003,0.12,8000.0,15.0,0.35,1.225
True,0.81626,1.72,12.9891,True,0.02385003842571178,0.007208011784500128,30.75966934850952,9.64584788007506,0.002796320443247497,0.030602755186758705,4,0.127,0.012,0.022,0.003,0.12,8000.0,15.0,0.35,1.225
True,0.78814,0.91,13.0014,False,0.02776185605625826,0.008025315309153286,26.734103958818736,15.88814213921913,0.0016925072904278285,0.038332493368538986,3,0.127,0.012,0.022,0.003,0.12,8000.0,15.0,0.35,1.225
True,0.76051,0.25,13.0007,False,0.031302195272584585,0.013537457090052232,32.889674399234515,14.285953857802946,0.0005925392179283544,0.04469045697706258,2,0.127,0.012,0.022,0.003,0.12,8000.0,15.0,0.35,1.225
True,0.80759,0.85,33.9832,False,0.033742318030032595,0.011505490838483613,43.39912758232391,18.21689792640388,0.0020208504681048477,0.06466940010157687,5,0.127,0.012,0.022,0.003,0.12,8000.0,15.0,0.35,1.225
True,0.82839,0.72,22.0165,False,0.028781561369600105,0.006906903652544084,29.83331468604725,7.854871332041144,0.0013316662469832806,0.053514632448125606,5,0.127,0.012,0.022,0.003,0.12,8000.0,15.0,0.35,1.225
True,0.81679,0.16,17.7575,False,0.026410040047156188,0.010471946770582939,36.96251234950179,12.678457110836694,0.0003136683604201958,0.06861042969967462,4,0.127,0.012,0.022,0.003,0.12,8000.0,15.0,0.35,1.225
True,0.83997,0.51,18.4176,True,0.021728919741166468,0.009015869324624587,38.17433420337152,7.4481324016777934,0.0008301920643826226,0.04621640472431402,6,0.127,0.012,0.022,0.003,0.12,8000.0,15.0,0.35,1.225
True,0.70754,1.27,11.4782,False,0.022268531161052398,0.012574456209927535,42.29976243330747,18.569396203906106,0.002385871225568728,0.057399657417991655,3,0.127,0.012,0.022,0.003,0.12,8000.0,15.0,0.35,1.225
True,0.7945,0.89,9.8895,False,0.020242797709014774,0.012181270970028834,34.69606186562252,8.664853208052184,0.0015628646399756282,0.06396067799828199,3,0.127,0.012,0.022,0.003,0.12,8000.0,15.0,0.35,1.225
True,0.79935,0.86,11.5135,True,0.025668083189741092,0.008206909040604202,25.472959175228734,10.381087014848259,0.001535422124433902,0.07,3,0.127,0.012,0.022,0.003,0.12,8000.0,15.0,0.35,1.225
True,0.80418,1.52,12.1091,True,0.023683020768793146,0.006,25.0,14.110005457017145,0.0023346663741563582,0.03,4,0.127,0.012,0.022,0.003,0.12,8000.0,15.0,0.35,1.225
True,0.83153,1.56,17.927,True,0.020937330970057642,0.009546344229050298,43.6778192112781,8.706547498032188,0.0025318233693354016,0.03163645069378873,6,0.127,0.012,0.022,0.003,0.12,8000.0,15.0,0.35,1.225
True,0.69082,1.0,6.1986,False,0.020914772870776303,0.010243370662834953,45.0,11.78188448580231,0.0016700430494268946,0.040464629947961586,2,0.127,0.012,0.022,0.003,0.12,8000.0,15.0,0.35,1.225
True,0.80402,0.0,9.5825,True,0.02,0.006876106271620535,26.949457074143897,11.43601286814777,0.0,0.04289277541551005,4,0.127,0.012,0.022,0.003,0.12,8000.0,15.0,0.35,1.225
True,0.79487,1.39,10.2206,True,0.02447569855714351,0.0073161571226733405,29.126002363662565,12.312914217365797,0.0023024219349813413,0.06752626988064836,3,0.127,0.012,0.022,0.003,0.12,8000.0,15.0,0.35,1.225
True,0.78731,0.87,7.3945,True,0.02,0.007369480038225186,30.07270380300791,6.580889275119304,0.0012619843487311996,0.07,3,0.127,0.012,0.022,0.003,0.12,8000.0,15.0,0.35,1.225
True,0.78344,1.94,12.2604,False,0.023855387734958995,0.006,41.14043805216483,9.55757904226973,0.003,0.04247201255031331,4,0.127,0.012,0.022,0.003,0.12,8000.0,15.0,0.35,1.225
True,0.73281,1.37,6.1148,True,0.022685419134286105,0.007640800154920529,33.22288653151386,10.876063107199395,0.00217542830486623,0.051239212833721876,2,0.127,0.012,0.022,0.003,0.12,8000.0,15.0,0.35,1.225
True,0.82748,1.16,15.2821,True,0.020647916648541265,0.010324819694880647,39.7342495677204,7.769749031575376,0.0019155255083855487,0.03,5,0.127,0.012,0.022,0.003,0.12,8000.0,15.0,0.35,1.225
True,0.8339,1.27,20.7502,False,0.025106646838821033,0.006719925063701197,38.11262509922609,14.687207488145454,0.00210499919448444,0.03,6,0.127,0.012,0.022,0.003,0.12,8000.0,15.0,0.35,1.225
True,0.77968,2.0,10.8369,True,0.0212800479656117,0.007296675031338986,40.93997767243422,10.794775700464902,0.003,0.04880842563676745,4,0.127,0.012,0.022,0.003,0.12,8000.0,15.0,0.35,1.225
True,0.66505,1.16,8.9022,False,0.023407759968590944,0.006,42.534346394047205,20.0,0.0017707182898179107,0.03,3,0.127,0.012,0.022,0.003,0.12,8000.0,15.0,0.35,1.225
True,0.751,0.91,5.522,True,0.020026630660218623,0.009305238485610035,32.05994973947902,6.0,0.0014195846721114572,0.04495401268384653,2,0.127,0.012,0.022,0.003,0.12,8000.0,15.0,0.35,1.225
True,0.85156,1.36,21.5904,True,0.021168245188446635,0.012704752382659435,37.82533504425795,10.19662059654155,0.002483077201190801,0.04127731962040309,6,0.127,0.012,0.022,0.003,0.12,8000.0,15.0,0.35,1.225
True,0.67201,1.2,6.6083,False,0.022114317411793646,0.009914612226386758,39.59201196611177,16.575002768578315,0.0020410070197746924,0.05088778818588559,2,0.127,0.012,0.022,0.003,0.12,8000.0,15.0,0.35,1.225
True,0.72989,1.39,12.6726,False,0.02826258990464351,0.006655119637417355,33.11380509883735,19.11397559126639,0.0025043538147426856,0.03077185030648958,3,0.127,0.012,0.022,0.003,0.12,8000.0,15.0,0.35,1.225
True,0.84614,0.3,33.3137,False,0.03215988694358694,0.007996226892401247,30.221141083662594,14.881120023141067,0.000632686294802282,0.04103254460544844,6,0.127,0.012,0.022,0.003,0.12,8000.0,15.0,0.35,1.225
True,0.81474,1.34,19.5431,False,0.029792982155948278,0.0080587827528944,26.661811664546782,6.28033916972286,0.0026307140938025323,0.04639991623046137,4,0.127,0.012,0.022,0.003,0.12,8000.0,15.0,0.35,1.225
True,0.77161,0.51,14.1167,False,0.025615079979090273,0.01281697930450567,43.042958719577825,11.33320643074817,0.0010490763708529494,0.06289805507321458,3,0.127,0.012,0.022,0.003,0.12,8000.0,15.0,0.35,1.225
True,0.83213,0.04,19.4699,False,0.0216818664579949,0.013613580949187175,28.625437566555597,8.00995629617179,7.47944428736617e-05,0.03750089061734043,5,0.127,0.012,0.022,0.003,0.12,8000.0,15.0,0.35,1.225
True,0.79539,0.6,16.2979,False,0.02426849738412007,0.011380165593436723,40.74463856239831,13.4864883149358,0.0011351084330575158,0.057560521535190715,4,0.127,0.012,0.022,0.003,0.12,8000.0,15.0,0.35,1.225
True,0.84813,0.74,30.5157,False,0.03227604015733685,0.010480416290153862,35.23033119731298,10.889450338862524,0.001661216569977119,0.06656814716391132,5,0.127,0.012,0.022,0.003,0.12,8000.0,15.0,0.35,1.225
